Gene Name,Uniprot,Protein Name,Modification Type,Cell Line,Regulation,Combination Treatment,Duration,# Curves,Max -Log10(EC50),Max Fold Change,Max R²,Min -Log10(EC50),Min Fold Change,Min R²,Average -Log10(EC50),Average Fold Change,Average R²,Median -Log10(EC50),Median Fold Change,Median R²,-Log10(EC50) Standard Dev.,Fold Change Standard Dev.,R² Standard Dev.
"DUSP6, DUSP7, DUSP9",Q16828|Q16828-2|Q16829|Q16829-2|Q99956,"Dual specificity protein phosphatase 6, Isoform 2 of Dual specificity protein phosphatase 6, Dual specificity protein phosphatase 7, Isoform 2 of Dual specificity protein phosphatase 7, Dual specificity protein phosphatase 9",Phospho,K562,down,None,30 min,1,9.193674676292105,0.489102703360385,0.857341412086914,9.193674676292105,0.489102703360385,0.857341412086914,9.193674676292105,0.489102703360385,0.857341412086914,9.193674676292105,0.489102703360385,0.857341412086914,0,0,0
SACS,Q9NZJ4|Q9NZJ4-2,"Sacsin, Isoform 2 of Sacsin",Phospho,K562,down,None,30 min,1,9.206253746504924,0.457042608674933,0.931839226292612,9.206253746504924,0.457042608674933,0.931839226292612,9.206253746504924,0.457042608674933,0.931839226292612,9.206253746504924,0.457042608674933,0.931839226292612,0,0,0