Gene Name,Uniprot,Protein Name,Modification Type,Cell Line,Regulation,Combination Treatment,Duration,# Curves,Max -Log10(EC50),Max Fold Change,Max R²,Min -Log10(EC50),Min Fold Change,Min R²,Average -Log10(EC50),Average Fold Change,Average R²,Median -Log10(EC50),Median Fold Change,Median R²,-Log10(EC50) Standard Dev.,Fold Change Standard Dev.,R² Standard Dev.
MAP7D3,Q8IWC1|Q8IWC1-2,"MAP7 domain-containing protein 3, Isoform 2 of MAP7 domain-containing protein 3",Phospho,K562,up,None,30 min,1,6.768579440096602,3.26627898787234,0.955345756067944,6.768579440096602,3.26627898787234,0.955345756067944,6.768579440096602,3.26627898787234,0.955345756067944,6.768579440096602,3.26627898787234,0.955345756067944,0,0,0
MTSS1L,Q765P7,MTSS1-like protein,Phospho,K562,down,None,30 min,1,9.307049400237224,0.485856386883275,0.875526515956281,9.307049400237224,0.485856386883275,0.875526515956281,9.307049400237224,0.485856386883275,0.875526515956281,9.307049400237224,0.485856386883275,0.875526515956281,0,0,0
SPN,P16150,Leukosialin,Phospho,K562,down,None,30 min,1,9.591409664004747,0.436852544325352,0.777967170084953,9.591409664004747,0.436852544325352,0.777967170084953,9.591409664004747,0.436852544325352,0.777967170084953,9.591409664004747,0.436852544325352,0.777967170084953,0,0,0
ARHGEF2,Q92974|Q92974-2|Q92974-3,"Rho guanine nucleotide exchange factor 2, Isoform 2 of Rho guanine nucleotide exchange factor 2, Isoform 3 of Rho guanine nucleotide exchange factor 2",Phospho,K562,up,None,30 min,5,6.002316974842468,3.85530469705965,0.98274754422281,1.9999999999999996,2.90141495397375,0.895421414380898,4.555373699163832,3.2626834204085258,0.9429681975597042,5.160007532618994,3.20150194415529,0.953232533974009,1.6940791778280797,0.355532646098184,0.035778616818153544
MAP7,Q14244|Q14244-3|Q14244-5,"Ensconsin, Isoform 3 of Ensconsin, Isoform 5 of Ensconsin",Phospho,K562,up,None,30 min,1,7.442576126414722,2.32123209616851,0.936422781802545,7.442576126414722,2.32123209616851,0.936422781802545,7.442576126414722,2.32123209616851,0.936422781802545,7.442576126414722,2.32123209616851,0.936422781802545,0,0,0
PCBP1,Q15365,Poly(rC)-binding protein 1,Phospho,K562,down,None,30 min,1,9.143450064102755,0.467925569282586,0.740010020446958,9.143450064102755,0.467925569282586,0.740010020446958,9.143450064102755,0.467925569282586,0.740010020446958,9.143450064102755,0.467925569282586,0.740010020446958,0,0,0